,RMSF,aa
1,2.1157551765235856,1
2,2.0407730483997346,2
3,1.825305062041929,3
4,1.6555930255211622,4
5,1.5652188136990997,5
6,1.3426669247320089,6
7,1.2631362786209857,7
8,1.1465317683516083,8
9,1.180974605073847,9
10,1.249365023203441,10
11,1.233332610370195,11
12,1.3344122979441606,12
13,1.213919974945571,13
14,1.1471911803482682,14
15,1.0147123154184283,15
16,1.1308487110053833,16
17,1.2186058681588245,17
18,1.1115077989561648,18
19,1.0879772254450735,19
20,1.19164663929547,20
21,1.270947671058601,21
22,1.23131187422361,22
23,1.242836924779942,23
24,1.3955372523267768,24
25,1.4649992502862161,25
26,1.4982792251219772,26
27,1.4273770004840625,27
28,1.3211430570827358,28
29,1.4855549303356892,29
30,1.6697857354253642,30
31,1.7895250820542523,31
32,1.9079651593026823,32
33,1.7271555468843434,33
34,1.7015868128560374,34
35,1.548882803805624,35
36,1.5490666569755702,36
37,1.4111051505415975,37
38,1.4006337327470029,38
39,1.3244711745398288,39
40,1.3904961180450774,40
41,1.4111073360084911,41
42,1.599638729212806,42
43,1.655757821988395,43
44,1.6239537466131129,44
45,1.4502438678628116,45
46,1.3533326538489692,46
47,1.269519441247349,47
48,1.2890271650866352,48
49,1.252014827691557,49
50,1.1480779922672917,50
51,1.141603805061304,51
52,1.1662074526884156,52
53,1.1648726522772295,53
54,1.1207640232716491,54
55,1.0857562622254746,55
56,1.134477199239854,56
57,1.1270736034199222,57
58,1.084260228694076,58
59,1.0934466584899694,59
60,1.165489381314366,60
61,1.2694224007766626,61
62,1.4352764871486738,62
63,1.5413295187294769,63
64,1.5325756589515624,64
65,1.635328534971047,65
66,1.6031526624435168,66
67,1.4905805989975829,67
68,1.5367692531006063,68
69,1.4924694151878761,69
70,1.5622725194607376,70
71,1.6530718120460757,71
72,1.7824704015188266,72
73,1.747477244547862,73
74,1.9375420180960305,74
75,1.840176118396317,75
76,1.5879125698777405,76
77,1.5922184860671422,77
78,1.8529061596867336,78
79,1.9325027287346437,79
80,1.6402542008019627,80
81,1.6359213535341517,81
82,1.3091873245480696,82
83,1.125000784299613,83
84,0.8987041766161956,84
85,0.8857069096399053,85
86,0.9490111848999991,86
87,1.2157589971073892,87
88,1.4030355986575098,88
89,1.7664853055793688,89
90,1.6542102812863115,90
91,1.660483665498203,91
92,2.0028177330016335,92
93,2.0216983844372556,93
94,2.1203037486927707,94
95,2.0523443918503927,95
96,1.797605419401251,96
97,1.5251770802052187,97
98,1.8294508410513917,98
99,2.193641044195505,99
100,2.0006206383735194,100
101,1.9796672358938983,101
102,2.3930313047825056,102
103,2.318102667330964,103
104,1.844789349366498,104
105,1.7990083092634763,105
106,2.05136600474492,106
107,1.793425918331362,107
108,1.4669797235522999,108
109,1.7369700254173692,109
110,1.8146236228118473,110
111,1.5071926310584327,111
112,1.4930847027475151,112
113,1.7718797274061764,113
114,1.7196772626822185,114
115,1.5684144545098642,115
116,1.8113216624083088,116
117,1.9810230838869995,117
118,1.9189586774277079,118
119,1.775050315256223,119
120,1.9741464340940418,120
121,1.9982877997001751,121
122,1.9626892909753206,122
123,1.6269597762145969,123
124,1.3832215678872095,124
125,1.0811001579286295,125
126,0.7650013191263472,126
127,0.6793934466909222,127
128,0.6004939713322722,128
129,0.9874417979554487,129
130,1.1852647964902407,130
131,1.298004609083789,131
132,0.8835467535509147,132
133,1.0304791712393933,133
134,1.4141880432410596,134
135,1.284253980941306,135
136,1.0585476304117682,136
137,1.398714191477662,137
138,1.580929733687218,138
139,1.3883959070694933,139
140,1.4700716742278954,140
141,1.7839668412640255,141
142,1.8060600597991867,142
143,1.7598607579981507,143
144,2.0191251192192587,144
145,2.1328843390909182,145
146,1.8819665661000735,146
147,1.9396028867146693,147
148,1.7041278762650385,148
149,1.6997958882995061,149
150,1.5244288177486396,150
151,1.1861519196114603,151
152,0.8803841686126826,152
153,0.5720113938447337,153
154,0.24590954242092514,154
155,0.24638107131342263,155
156,0.4121377554496806,156
157,0.42728869037380884,157
158,0.5253348224751156,158
159,0.6721314596890766,159
160,0.7701455328318728,160
161,0.862538442594723,161
162,1.0670641046581406,162
163,1.2557682004024207,163
164,1.3072897917394535,164
165,1.5270407665634282,165
166,1.7578511661286433,166
167,1.8758679226731392,167
168,2.0265692818996905,168
169,2.271066043033155,169
170,2.4606236469533505,170
171,2.495811719558948,171
172,2.2766633156394556,172
173,1.9092290837515713,173
174,1.5299886534765494,174
175,1.7927582504047757,175
176,2.0987073267895355,176
177,1.799080883448835,177
178,1.8101249444752117,178
179,1.707604401824866,179
180,1.3351217963428175,180
181,1.171053371695222,181
182,0.8662275705854124,182
183,1.153299714836611,183
184,1.198668095700245,184
185,1.143741502314422,185
186,0.8500173977338572,186
187,1.3379924484839703,187
188,1.6617594168956822,188
189,1.6809731274641047,189
190,1.1857906649106995,190
191,1.318316092731007,191
192,1.1623093248717384,192
193,1.461598034499406,193
194,1.7186797756590788,194
195,2.0577704149522513,195
196,2.1631835547010185,196
197,2.019096000508231,197
198,2.424632682770138,198
199,2.550770540482258,199
200,3.0422184024557444,200
201,3.2974875301155033,201
202,3.850028370485368,202
203,3.942428868750008,203
204,3.785582866805532,204
205,3.3317496326636906,205
206,3.111796324031,206
207,2.7124182046058065,207
208,2.3632522880252993,208
209,2.529829284735552,209
210,2.9678587598678496,210
211,2.8992074966647348,211
212,2.733681021840983,212
213,2.9966683641720278,213
214,2.824922840303383,214
215,2.655751866247502,215
216,2.770107585670627,216
217,2.4900271719071885,217
218,2.131869909187602,218
219,2.210236852359066,219
220,2.366754548785718,220
221,2.304228882871861,221
222,1.8569329250121855,222
223,1.6638104249250674,223
224,1.861059193669204,224
225,1.6627843670060585,225
226,1.2119162921113837,226
227,1.3339726418848554,227
228,1.4820991254178366,228
229,1.1390275135190908,229
230,1.048937734442718,230
231,1.3810042861620078,231
232,1.3320892738253485,232
233,1.166052671077604,233
234,1.3578463894504103,234
235,1.498974876311095,235
236,1.3390458124379538,236
237,1.417333998202895,237
238,1.6455431461187702,238
239,1.5101735018975717,239
240,1.231831603003458,240
241,1.026800933935231,241
242,1.0745806330393346,242
243,1.1358940589845965,243
244,0.9343516938998812,244
245,0.7817286022472426,245
246,0.9072740855941935,246
247,0.9534231681734985,247
248,0.6972372332250154,248
249,0.6878593164729021,249
250,1.0114490190722902,250
251,1.0289155030422974,251
252,0.8407601031883523,252
253,1.0676561850274542,253
254,1.4256135707594166,254
255,1.4602958176468936,255
256,1.4122991039580026,256
257,1.7117078775116463,257
258,2.065897122994796,258
259,2.044130024497271,259
260,2.01905258816172,260
261,2.45406618687051,261
262,2.858585792256412,262
263,2.7538167924215564,263
264,2.246293744804385,264
265,1.8354957279601314,265
266,1.3432175397627424,266
267,0.9298176744087405,267
268,0.8402577282078646,268
269,0.797569020800562,269
270,1.1961586046074664,270
271,1.572666882168671,271
272,1.7894719877344414,272
273,2.1951267526219636,273
274,2.5166145523605663,274
275,2.2836569886453657,275
276,2.5911576471627757,276
277,2.3139586530934153,277
278,2.499128755348755,278
279,2.1526342277239277,279
280,2.327906818748299,280
281,2.2633918602956435,281
282,2.0892350063310388,282
283,1.7355739816697313,283
284,1.3124774861770243,284
285,1.2341996421296895,285
286,0.9623605357732488,286
287,1.281797918811611,287
288,1.4766147216467556,288
289,1.6409860000222039,289
290,2.0094636312376934,290
291,1.9727998011321395,291
292,2.444022244211703,292
293,2.5274573566226293,293
294,1.9976228227433885,294
295,2.032552270227573,295
296,1.8078237195947802,296
297,2.1113406398763024,297
298,2.018161639338367,298
299,2.2323140804038495,299
300,2.5988350283392494,300
301,2.8480258312666504,301
302,2.5092298483528905,302
303,2.687086450934688,303
304,2.462403517931732,304
305,2.611827780557651,305
306,2.766041265108706,306
307,2.473529487671142,307
308,2.142564193853129,308
309,2.401782442776272,309
310,2.5103744404315025,310
311,2.085155534289822,311
312,1.9203524341962188,312
313,2.2960876199618987,313
314,2.2894165559070045,314
315,1.8331498171250364,315
316,1.9651498278820378,316
317,2.392492186765104,317
318,2.197328374980066,318
319,1.8615097723234502,319
320,2.263491049254223,320
321,2.539735405024613,321
322,2.1794035438461252,322
323,2.107023979427889,323
324,2.5812096822954027,324
325,2.6624728450918362,325
326,2.322298885422424,326
327,2.4554006723441337,327
328,2.9038170508926777,328
329,2.8555826916394484,329
330,2.632105952754929,330
331,2.9528183876771035,331
332,3.326095502123553,332
333,3.2081696283726644,333
1,2.078521406323685,334
2,2.0033257502288264,335
3,1.7952910540767106,336
4,1.628620672276341,337
5,1.543278756615546,338
6,1.3285375230480583,339
7,1.2555997184801992,340
8,1.1471474843417575,341
9,1.1856816557060061,342
10,1.2576573078031905,343
11,1.2372637847501593,344
12,1.335597176241388,345
13,1.2150305230085863,346
14,1.147272344460631,347
15,1.0204073507364815,348
16,1.1348457802626168,349
17,1.2175872298061732,350
18,1.1118017413506478,351
19,1.0890057667966344,352
20,1.1916802703699962,353
21,1.270472416500541,354
22,1.2288951385954956,355
23,1.2365282718217507,356
24,1.3888208966891185,357
25,1.4568064537073313,358
26,1.4854605106954415,359
27,1.418227052573684,360
28,1.3100059296148412,361
29,1.466510287466438,362
30,1.6492779978506262,363
31,1.7698302195094808,364
32,1.8816398002132306,365
33,1.7021364846763778,366
34,1.6769566882981182,367
35,1.5306797417777547,368
36,1.5330297516597977,369
37,1.4026319690278106,370
38,1.394348970794343,371
39,1.3232612528909087,372
40,1.390457775863139,373
41,1.409935759976703,374
42,1.5957910314658024,375
43,1.650462859959003,376
44,1.615836046657802,377
45,1.4427920357506354,378
46,1.3435268722984868,379
47,1.2568144637335894,380
48,1.2767734954903853,381
49,1.2404591043738256,382
50,1.136276394793313,383
51,1.1272264037458706,384
52,1.1528998230357668,385
53,1.1567442311354603,386
54,1.1130807907911389,387
55,1.0726332410742492,388
56,1.1261647973666522,389
57,1.123930749241229,390
58,1.0750959039378623,391
59,1.082766415016639,392
60,1.1594971193695012,393
61,1.2630266266435897,394
62,1.4254848979158496,395
63,1.5286360330254931,396
64,1.522161632692872,397
65,1.6230566138517666,398
66,1.5937089380584766,399
67,1.4845118718158528,400
68,1.5308039940893212,401
69,1.4912208559247282,402
70,1.5616991255344825,403
71,1.6551476772669649,404
72,1.7813581267538632,405
73,1.743277684532041,406
74,1.9262834253622056,407
75,1.8294761064480243,408
76,1.5803903617366861,409
77,1.5777525588840515,410
78,1.8288680435629099,411
79,1.900363111612516,412
80,1.6139395720912635,413
81,1.6074557025465133,414
82,1.289163962250561,415
83,1.1114920222961484,416
84,0.8947041736055751,417
85,0.8856546386505444,418
86,0.9563812801348233,419
87,1.2272970927022138,420
88,1.4155656700608108,421
89,1.7768950413924591,422
90,1.658093438111647,423
91,1.6527772515768573,424
92,1.994405278225849,425
93,2.0035752809519956,426
94,2.092015397464596,427
95,2.03108172298425,428
96,1.7738418600623351,429
97,1.509964359531942,430
98,1.8177132653416697,431
99,2.1852996842797867,432
100,2.0003308465811003,433
101,1.9808365581142864,434
102,2.4024512405113376,435
103,2.330004526775623,436
104,1.8543291978347833,437
105,1.8081477558917345,438
106,2.0665191545296464,439
107,1.8065218936249765,440
108,1.4721567727490115,441
109,1.7417887248611397,442
110,1.8205840278926353,443
111,1.5073845372114016,444
112,1.485020764447805,445
113,1.7619294108198635,446
114,1.708646598988561,447
115,1.548306579430818,448
116,1.7853053490891009,449
117,1.953844598146142,450
118,1.8910718084549911,451
119,1.7439438688627087,452
120,1.9346725814071482,453
121,1.9592360468290595,454
122,1.9258447387708553,455
123,1.596952532878212,456
124,1.3604783084440095,457
125,1.0642440831785298,458
126,0.75591937491831,459
127,0.6767550265501634,460
128,0.6043948617321628,461
129,0.9932699759002978,462
130,1.184456113915517,463
131,1.293705315240021,464
132,0.881011496843222,465
133,1.0257181722255622,466
134,1.4133541873192996,467
135,1.2860556269756445,468
136,1.0547547824785672,469
137,1.3953907461230806,470
138,1.581540568381903,471
139,1.3840263859427682,472
140,1.4582700446113328,473
141,1.7755709452052695,474
142,1.799386692084532,475
143,1.7420309058312047,476
144,1.9967968514279335,477
145,2.1008283530595837,478
146,1.8520116772553767,479
147,1.9131600460653728,480
148,1.6863719679540958,481
149,1.6827683555447357,482
150,1.5030097593765737,483
151,1.1704041531595977,484
152,0.8689442187959684,485
153,0.564402067617,486
154,0.24333779695993138,487
155,0.2435610116096075,488
156,0.4212421762236741,489
157,0.4327939384792033,490
158,0.5228939712607962,491
159,0.6798792263197948,492
160,0.7781833681457722,493
161,0.8695203739113264,494
162,1.0750517574247553,495
163,1.2730851688258353,496
164,1.3248591066134454,497
165,1.545833282905969,498
166,1.7881157652673096,499
167,1.9155798971653015,500
168,2.0663419490386383,501
169,2.3158780744225074,502
170,2.521350157400045,503
171,2.563100083534596,504
172,2.3427231485798723,505
173,1.967444524108134,506
174,1.5722026531054607,507
175,1.839435567240817,508
176,2.1532300327488816,509
177,1.8402398083726794,510
178,1.8455689396605568,511
179,1.734868781282063,512
180,1.3546970980480115,513
181,1.1835160493874846,514
182,0.8684569615297646,515
183,1.150708095979304,516
184,1.1910562418684632,517
185,1.1320314510205245,518
186,0.8355396795742609,519
187,1.3229234360630846,520
188,1.6419720057602774,521
189,1.660092408868016,522
190,1.1673670432037693,523
191,1.3030753531949006,524
192,1.158007130979809,525
193,1.466061609244856,526
194,1.738627699316905,527
195,2.075271700551647,528
196,2.1944019192587145,529
197,2.05931208800821,530
198,2.4773715548581845,531
199,2.6123579322854154,532
200,3.1174831104089664,533
201,3.3795088968670086,534
202,3.944252154220738,535
203,4.038527208924569,536
204,3.874335407101004,537
205,3.4081427500997035,538
206,3.1798056157569334,539
207,2.7649279151452286,540
208,2.4093878262415998,541
209,2.5659322339369193,542
210,3.018981488306684,543
211,2.9584790361677507,544
212,2.779979515496605,545
213,3.037156817788181,546
214,2.8482868553387464,547
215,2.667274483803047,548
216,2.7715489499301293,549
217,2.495863910590314,550
218,2.1398606065649233,551
219,2.204479320167402,552
220,2.3568279662413216,553
221,2.299079270084154,554
222,1.8577407535729935,555
223,1.654690953525451,556
224,1.8503719995295647,557
225,1.6579662079299,558
226,1.2080132349752646,559
227,1.326137789113042,560
228,1.479800087407024,561
229,1.1437362623459149,562
230,1.0556578340843221,563
231,1.3857479820388232,564
232,1.3352128027308685,565
233,1.1738997819279426,566
234,1.365366379602112,567
235,1.499926892717986,568
236,1.3418830948673157,569
237,1.421207697681964,570
238,1.649625583688324,571
239,1.5199274051817913,572
240,1.2448101891394736,573
241,1.0412987873233253,574
242,1.0896240511659392,575
243,1.1500876560887794,576
244,0.949093282570094,577
245,0.796867811568344,578
246,0.9195804542079963,579
247,0.9627640903334928,580
248,0.7047125385386563,581
249,0.6880644077637992,582
250,1.008744860115481,583
251,1.028942339744544,584
252,0.8354236926063947,585
253,1.0551590019157586,586
254,1.4159889930134584,587
255,1.4551711345781475,588
256,1.3991157001540715,589
257,1.6932202391297726,590
258,2.054363502961573,591
259,2.0420094782524107,592
260,2.0303439232074223,593
261,2.476555647413825,594
262,2.8887784142732933,595
263,2.7933062803117084,596
264,2.2782028151496783,597
265,1.8599289934650083,598
266,1.3612828129497567,599
267,0.9422358274750537,600
268,0.8433704768005674,601
269,0.7941088601599852,602
270,1.1933751924077518,603
271,1.5704810036966728,604
272,1.7896463103091427,605
273,2.195114199757467,606
274,2.5192268390541357,607
275,2.2888358988121547,608
276,2.6005025225344083,609
277,2.322364321221819,610
278,2.503112447713143,611
279,2.153131837257368,612
280,2.327331117811444,613
281,2.2636369033232664,614
282,2.0884044186709048,615
283,1.7340779486631368,616
284,1.3099358147415596,617
285,1.2310839445484858,618
286,0.9617387236896987,619
287,1.2881132453968063,620
288,1.4909113324616459,621
289,1.6525148017216298,622
290,2.020859656487317,623
291,1.973357511711259,624
292,2.440014455798284,625
293,2.511002018629828,626
294,1.9780785739931572,627
295,2.0193356475777122,628
296,1.8023757936497096,629
297,2.115402263612487,630
298,2.028892241264969,631
299,2.2516682612224383,632
300,2.621846733737323,633
301,2.875866218372945,634
302,2.5335492142835494,635
303,2.7080224444471837,636
304,2.4703438387125813,637
305,2.612763940933742,638
306,2.756321384373357,639
307,2.4584380929580623,640
308,2.13506706151568,641
309,2.393361327174671,642
310,2.49268238704307,643
311,2.067219591238345,644
312,1.911413562783198,645
313,2.2860289566718754,646
314,2.274251720659359,647
315,1.821589628005596,648
316,1.9587869922857066,649
317,2.3846940536796684,650
318,2.187607045856837,651
319,1.8564792495281195,652
320,2.2616854811123184,653
321,2.5359569233638073,654
322,2.17651798856274,655
323,2.108226384330538,656
324,2.5846426411580823,657
325,2.6646637855787727,658
326,2.3276747047694575,659
327,2.4640832981822505,660
328,2.9149039226524436,661
329,2.8681022597110974,662
330,2.646642257726825,663
331,2.9702557239539735,664
332,3.347034328570084,665
333,3.2317965880854684,666
